social_media_hours,gaming_hours,online_work_hours,physical_activity_hours,caffeine_intake,screen_time_before_bed,age,sleep_hours,sleep_category
1.872700594,2.792646856,1.481063431,1.03816357,1.308528419,2.482556766,36,5.603291213,<6
4.753571532,2.144385465,4.335207579,0.958363755,1.234893995,2.293583384,42,4.319720386,<6
3.659969709,1.238110465,6.983566687,0.051284132,4.531272903,1.720586854,22,3.501414305,<6
2.993292421,3.255180079,5.857799091,0.682495655,1.247730999,2.868141431,25,4.562907422,<6
0.780093202,2.73892469,6.452489183,0.760391238,1.359748631,0.601423547,24,5.142247502,<6
0.779972602,0.650467757,5.270266934,0.797645562,3.796991312,0.327792631,31,6.016364103,6-8
0.290418061,3.643708738,5.538212516,1.160344738,2.248699212,2.561885901,41,5.279361648,<6
4.330880729,3.290148972,6.793565213,1.067205093,3.883552785,1.31744945,40,3.746176272,<6
3.005575059,3.799199653,1.997344071,1.215810186,0.326830788,2.540906563,20,5.719269296,<6
3.540362889,2.902878034,3.915399709,1.529766523,2.437855968,2.679270616,35,4.673709279,<6
0.102922471,2.453660784,1.769675535,1.625971477,0.168068001,0.187372781,33,7.348609063,6-8
4.849549261,1.672972145,7.901344064,1.436246152,0.313266017,2.650394289,40,3.16831645,<6
4.162213204,3.730913933,7.552474717,1.911047392,4.532187267,1.344957166,36,3.259381441,<6
1.061695553,3.464255558,0.315414491,0.036465165,0.696226856,1.531297467,36,6.283007213,6-8
0.909124836,0.18087468,5.64460138,0.391555971,2.662103411,1.879777533,35,7.523907898,6-8
0.917022549,0.105467898,7.401986539,0.01512575,2.055478013,2.77914782,37,5.272457459,<6
1.521211215,1.505853468,1.444602761,1.294949428,1.736716631,0.057348283,33,7.445619585,6-8
2.623782158,3.242213323,4.543561844,1.796061098,4.499166728,1.430530405,25,5.394063598,<6
2.159725093,3.949104517,7.323906381,0.486964593,0.109116984,2.063166127,45,4.546120704,<6
1.456145701,0.601667564,0.271567829,1.85406909,3.318948431,2.168120873,18,8.14074944,>8
3.059264474,2.376522861,5.579362138,0.120534781,4.816972171,2.077597295,34,4.382054431,<6
0.697469303,1.523563427,2.378792059,1.868872054,2.800840917,0.403305388,29,7.193595031,6-8
1.460723243,3.879657591,7.395169563,0.703245374,4.68411231,0.898186765,47,4.342709244,<6
1.831809216,3.368475693,7.768465961,0.202841657,0.261289396,1.076146576,38,5.16636749,<6
2.280349921,3.353314819,7.554131913,0.971743518,2.093966595,2.413311623,28,4.973365224,<6
3.925879807,1.874772639,3.793713733,0.513553135,1.300788955,0.836279617,22,4.42703396,<6
0.998368911,1.659278009,6.896341208,0.569745804,3.654104825,0.632114892,44,4.769653562,<6
2.571172192,1.093628288,6.756395188,0.61457993,4.906485452,2.872344057,29,4.627281495,<6
2.962072844,0.225501987,2.552803786,1.606051796,1.282650312,0.026589855,34,5.89428345,<6
0.232252064,3.458889505,6.631323793,1.078322553,3.270873007,2.993462567,23,5.484589536,<6
3.03772426,3.251604037,0.296061078,0.622615398,0.990488164,2.030463897,18,6.152899314,6-8
0.852620618,3.998870693,4.770159028,1.220667567,2.826651273,2.485407898,22,5.274880992,<6
0.325257965,3.986547348,1.840070698,1.432301348,2.319662433,0.883858189,42,6.449705144,6-8
4.744427686,2.221726822,0.964535086,0.545248001,4.860026648,0.042945833,45,4.474944196,<6
4.828160165,3.075949661,0.615625613,0.827098203,3.042636363,2.213608556,31,4.908091162,<6
4.041986741,3.77906292,5.570310207,0.243772187,1.74753186,2.502433791,22,3.0,<6
1.523068846,3.398589563,2.71899971,0.362298699,0.570478924,2.221428396,39,5.423380336,<6
0.48836057,0.989392407,5.798134172,1.362235708,0.756234144,0.428550862,41,6.738064303,6-8
3.421165133,1.802176541,0.522850726,0.362876695,1.12658465,2.260283767,44,6.240438348,6-8
2.200762469,0.516637661,2.522322703,1.050326767,1.254833307,2.306768346,18,6.183826403,6-8
0.610191174,3.816204109,4.315930339,1.418092523,4.253080289,1.975621547,47,4.748700487,<6
2.475884551,2.424698538,6.325785319,0.213753846,2.806113941,2.298347798,35,4.862861582,<6
0.171942606,0.914571222,2.550020023,1.134624439,2.616954557,2.537764319,33,6.890664008,6-8
4.54660201,2.686802738,5.007131011,0.513125567,0.573844359,1.840812343,26,3.420951876,<6
1.293899908,2.472512962,7.087821986,1.92585375,4.300698467,0.265814142,36,5.029245344,<6
3.312611422,1.432650872,4.926905505,0.967091293,3.614071516,1.462883429,39,4.764975484,<6
1.55855538,0.454230369,1.863675798,1.6119851,0.33834181,0.232948004,22,6.859107056,6-8
2.600340106,2.686292782,0.195206252,1.100453084,3.539175486,1.222629093,44,4.72833621,<6
2.733551397,2.081230804,6.960790991,0.086825066,2.717691087,1.221319467,19,4.819508372,<6
0.924272278,3.089273567,0.170155287,1.266302751,0.408626729,0.198029532,47,7.553516407,6-8
4.847923139,2.080654004,6.997613381,1.902806684,2.291503208,1.046461602,32,4.219772233,<6
3.875664117,3.408726001,4.231497072,1.20322364,2.423481436,0.332994296,24,3.74302684,<6
4.697494708,2.207627355,7.512541588,1.638377719,0.828872701,2.42470563,21,3.794336401,<6
4.474136752,2.243751886,6.390265886,1.768412927,4.728490735,2.843064078,18,3.866167028,<6
2.989499894,3.506614411,7.983472884,0.456159544,4.249876857,0.216949426,30,3.867828525,<6
4.609371175,1.613931465,2.805694524,0.42408968,3.345111687,2.865345622,37,4.776882048,<6
0.44246251,0.536060914,6.137506311,1.221961978,2.311477805,1.567729798,39,6.158803122,6-8
0.979914312,0.115130705,3.215447309,0.82205694,2.058827708,0.898697034,24,6.91414626,6-8
0.226136445,3.020549023,3.839004962,1.679722606,3.254867336,0.230586226,32,6.620036329,6-8
1.626651654,2.481238205,5.020043706,1.800046247,2.727159347,1.501872804,40,6.433503071,6-8
1.943386448,2.816319072,6.989416913,0.706842759,0.311365529,2.383546633,31,5.318697216,<6
1.356745159,0.851856646,7.872667754,0.473741118,2.562513244,2.121259432,40,5.771936231,<6
4.143687546,0.545485902,6.146187311,1.56105103,4.032018086,0.150678034,36,4.642299809,<6
1.783766633,0.058178663,3.342134257,0.549612071,2.296199388,0.218705506,49,7.062729488,6-8
1.404672548,1.402350235,3.370856018,1.645228637,0.259782888,1.208619848,39,6.875259152,6-8
2.713480416,2.359670747,5.900658413,0.847476507,3.931390997,0.885871482,46,4.185786783,<6
0.704621125,1.56897618,1.910217166,1.335099799,1.006818911,0.697152969,41,7.796486184,6-8
4.010984904,1.749899688,0.883792905,0.191070628,1.293104174,0.843013497,37,5.569741468,<6
0.372753218,3.616634778,2.836977261,1.247718649,0.823531767,2.41044823,46,6.231677913,6-8
4.934434683,1.393021868,2.297911933,0.903535357,1.651075324,2.787684161,41,4.521500303,<6
3.861223846,2.055957957,2.370464964,1.173216926,3.783757528,1.215308084,35,5.100384795,<6
0.993578408,3.134612051,1.868862008,0.336028415,2.596929298,2.718333006,48,6.261762772,6-8
0.027610586,1.586171129,0.336745517,1.47374749,1.024406371,0.964487104,27,7.881324008,6-8
4.077307142,2.488346801,0.142991478,1.725594155,4.389150391,1.429310959,26,5.420661637,<6
3.534286719,3.449454835,7.901779118,0.4334796,4.397909275,0.678086993,42,4.157896006,<6
3.64503584,3.798082495,3.42218507,0.191429111,4.352892125,1.921428127,25,4.511531414,<6
3.856351733,0.588293924,3.074613177,0.047277172,1.193981057,2.936943346,43,5.270516162,<6
0.370223259,3.706350501,5.437178262,1.283943001,2.256196721,1.810479288,47,6.245766087,6-8
1.792328643,1.968465172,1.746031103,1.214188072,4.924948281,1.073442252,46,5.519589548,<6
0.579345298,1.032977553,7.599689472,1.093394825,3.860062382,1.943452338,27,6.021471925,6-8
4.315517129,1.836543025,6.290760115,0.463894192,0.135837106,0.368762035,34,5.063364227,<6
3.116490634,3.920130301,0.715288018,0.781811992,0.326022956,2.665977241,19,5.215576343,<6
1.654490124,1.970472376,3.340646206,1.18895267,2.319656884,1.509251852,23,5.614387132,<6
0.317791751,1.315006441,7.03294646,0.993533718,4.546101029,1.348049226,43,5.557418468,<6
1.554911609,2.533603417,7.557856178,1.97557104,2.69350899,1.757594365,22,4.729395829,<6
1.62591661,0.960582475,3.73921209,0.272879505,2.48906254,1.874351588,45,5.591601178,<6
3.648030892,0.303453312,4.907291114,1.390289108,0.5273685,0.215327419,47,5.282586171,<6
3.187787357,0.515518888,1.336271569,0.808637536,3.283900524,2.047851664,26,5.19561404,<6
4.436063713,0.512183356,7.929349009,0.85639923,4.110515803,0.725795041,22,3.896120691,<6
2.361074626,0.607610774,1.853373611,1.435195531,1.902100038,2.141857898,35,6.957991975,6-8
0.59797123,0.555308691,7.541854193,1.384872303,3.878059255,2.467604383,43,5.599828615,<6
3.566223936,2.563498979,5.197173192,1.982511987,4.82238327,2.411875523,37,5.280560931,<6
3.803925243,0.727520338,4.861894359,0.256788579,1.018832296,1.657502902,26,5.137951794,<6
2.806385988,1.382669133,4.101508088,0.208219299,2.616648156,1.560509677,34,5.677795915,<6
3.8548359,3.58715364,1.845358494,1.448677634,1.43568979,0.428627884,44,4.589481294,<6
2.468977982,1.895846561,1.412224256,1.156773834,3.964272095,2.326038451,34,6.292179744,6-8
2.613664147,2.670230954,1.763889673,0.548321333,2.887966829,0.814228141,29,4.869053473,<6
2.137705092,0.689279485,1.491506097,0.158838738,3.172912088,1.490086268,24,6.601546552,6-8
0.127095634,0.769156075,6.236675789,0.171316499,3.989570798,0.852822279,44,6.196727743,6-8
0.539457135,0.163474465,2.801002073,1.788381749,1.979852363,0.401485089,20,7.736183577,6-8
0.157145928,0.675740252,0.462741413,0.383734649,4.575450342,1.888673091,27,6.695934735,6-8
3.182052056,1.114361356,7.752821041,0.646743124,2.665144336,0.162996104,19,4.004074939,<6
1.571779905,0.708041937,7.07028708,0.453312804,0.789774114,2.245935702,42,5.943270589,<6
2.542853456,0.354810135,7.422018266,0.709992612,3.479495591,0.952760386,20,4.528600801,<6
4.53783237,0.482543484,7.959262581,0.138847685,3.966306752,0.000404079,33,3.87109503,<6
1.246461146,1.843115072,1.391161994,1.038119582,1.583808385,1.533387418,19,6.01508864,6-8
2.051914615,0.825334874,3.169936151,0.135225127,4.285896285,0.140555726,45,6.128520016,6-8
3.777755693,1.457079444,6.065907806,1.600713016,4.530716274,0.828508673,41,3.871697379,<6
1.143990827,2.013669083,5.568164944,0.467424164,1.384522437,2.120929462,27,5.988195847,<6
0.384899549,2.761579315,1.231167251,1.080023829,4.917607364,0.188068865,23,6.87790486,6-8
1.448757265,0.157248559,6.526665,1.760158175,0.70355764,2.518015477,39,6.032419579,6-8
0.806106436,3.197641596,1.795524575,1.301754738,1.010078342,0.011459768,43,6.859081259,6-8
4.648488262,2.511601558,1.790540919,1.065915573,0.921124196,0.740471608,28,4.922050602,<6
4.040601898,0.327036128,4.295795383,0.648667506,4.46994855,2.222712168,40,4.500613605,<6
3.167018783,3.494314496,4.743519479,0.666003826,3.271462762,0.948810449,24,3.787869894,<6
4.357302951,3.683489602,4.640689663,1.33897391,0.760521416,0.305677164,44,3.132490897,<6
4.018360384,0.244311839,0.731894699,1.988278722,2.201617092,1.080701756,46,6.322294247,6-8
0.932850294,1.107510593,7.019686901,1.32367838,3.076490125,0.811179859,32,5.10443741,<6
4.462794992,3.224805119,2.124800341,1.115566835,0.417320425,2.528135706,23,4.716811008,<6
2.69671121,2.993038762,1.03611937,1.46130102,4.412081842,0.940043753,37,5.411966907,<6
4.037200776,0.738084077,7.109984639,0.930411225,4.018017677,2.366797415,44,4.554870448,<6
4.4804565,0.837397293,7.645211986,0.120284685,2.526033868,2.675616434,26,3.611969434,<6
1.590017375,1.481888411,6.897020938,1.124593632,4.835633076,1.301452259,39,5.07011149,<6
0.550259623,1.938091941,6.476128598,1.915250569,2.088804896,2.729829432,37,6.57984692,6-8
1.139675813,2.473019086,5.241935845,0.350605885,4.920551595,1.131954162,29,5.420524819,<6
2.135538943,1.475654558,4.406858965,1.380009782,3.339599994,2.892235249,36,5.846283282,<6
4.09007383,1.850138865,0.695894079,0.401867377,3.173356366,0.267868574,37,5.298600981,<6
4.303652916,2.989883753,3.267625705,1.071655369,0.829774476,2.0610578,20,3.768416377,<6
0.034760653,0.146732812,2.981508136,0.193352899,4.409638792,1.481442121,32,7.337734534,6-8
2.553736513,1.009747777,2.07803027,0.900741873,2.13744844,1.162946416,19,6.367313471,6-8
2.087055016,2.853398344,5.78736091,1.512326658,0.811167029,1.898135636,47,4.807220537,<6
1.110539052,3.580827351,3.967005881,0.695143048,0.0630376,2.111571275,38,5.65728001,<6
0.599326837,2.046709768,0.648369727,1.329823449,2.798778418,0.013089809,19,7.056065255,6-8
1.688075857,2.128453941,1.761465616,1.590899922,2.636998111,0.500859266,39,6.311454539,6-8
4.71454852,0.428688045,5.466070109,1.854355639,3.596768112,2.139138152,20,4.784465169,<6
1.61601466,1.789649467,0.609046876,0.469284164,4.451290265,1.999156241,23,6.944628068,6-8
2.593953109,2.130469066,6.809655312,0.798631832,0.397032923,2.898142515,32,5.442721284,<6
3.515094794,0.969882015,3.961172216,0.304832027,3.657482452,2.283113371,44,4.228845321,<6
1.818148012,1.076972924,3.844692619,1.984967004,0.93705972,2.852318123,27,6.811714718,6-8
4.858910414,1.509136652,4.739262277,1.854001936,4.290885266,2.107621505,26,4.961530056,<6
4.812236475,0.080284791,6.597447727,1.079914261,4.095317569,0.894156626,18,4.358153561,<6
1.258911479,1.288316662,2.782473663,1.684066589,2.703968775,0.316094767,49,7.207867841,6-8
2.486242529,0.845792028,5.42412922,1.041915955,3.551213993,2.34547159,33,6.381903893,6-8
1.504391549,1.309989409,4.525855712,1.247171376,1.571750566,1.932447664,23,6.67846739,6-8
1.424202472,0.479048527,2.136226161,0.178248864,2.355839495,0.144558037,26,6.659483981,6-8
0.184434737,3.562109123,7.029039891,1.510540841,4.108184489,1.080151398,44,5.998229957,<6
3.04782167,2.374369814,6.379408173,0.255426967,2.296325986,2.870399446,21,4.407335994,<6
2.513395116,2.716409277,5.267614677,1.652135261,1.788991327,1.501203437,44,5.203549691,<6
0.257393756,3.156684954,6.804653833,1.564056175,2.471062236,1.298187408,45,5.60977038,<6
1.393232321,1.993768796,6.938353608,1.417489395,4.141246262,1.373098815,19,6.110411351,6-8
4.54132943,0.347681152,5.666903814,0.072320761,1.676040237,0.626648172,46,3.936528048,<6
1.197809453,2.148426167,6.696106627,0.606256712,0.868807966,1.106121513,21,6.278526177,6-8
0.72447436,2.347364472,5.579771693,0.52622514,3.560070102,1.109439768,18,5.869391733,<6
2.447263801,2.981757897,5.441126174,0.720272815,4.129891064,0.157065061,36,3.897055146,<6
4.928252271,1.726638185,4.948891026,0.175285494,0.503187393,2.302702886,43,4.214195759,<6
1.210276358,0.510321211,6.021733116,1.873915646,1.199370564,1.249513296,42,5.429643218,<6
3.360677737,1.135103623,1.268840842,1.107604481,0.709859949,2.46653966,27,6.299411234,6-8
3.808098077,1.452329186,7.046966074,0.611048621,1.739707058,2.551044003,38,4.702818613,<6
1.18818772,2.583668965,6.974748222,0.793963034,2.251754895,0.635982164,32,4.952691249,<6
3.641081743,2.283113219,0.233978264,0.894405081,3.744131685,1.972060447,44,5.403411714,<6
1.838915664,1.424386904,6.606534005,1.201188667,3.255737924,1.416845412,39,6.343780821,6-8
3.161529153,3.946060995,1.03095894,1.031358855,3.104642837,2.640470214,36,4.775295358,<6
3.167648554,2.423099277,2.680950834,1.838783946,1.761874733,0.647222038,33,4.99904969,<6
2.67887342,0.948907167,5.94806605,0.993926966,4.207237765,2.033439601,38,5.804563944,<6
0.45144885,0.40712989,1.286079168,1.98431603,2.356435837,1.823256367,44,8.735865595,>8
4.176512478,0.611436557,6.543736193,1.702849915,4.89552469,0.885904433,41,4.442715897,<6
1.603900325,0.983830914,6.657073424,0.417021029,3.170710691,0.409802711,39,5.885252636,<6
0.932592552,0.642725493,4.05974187,1.861190429,0.631323708,1.954919281,21,7.694900418,6-8
0.203875708,0.746268096,0.051086974,0.232732796,3.38088781,2.215792374,19,7.024453264,6-8
2.954464716,1.140380675,2.296305065,1.634899417,1.625520077,0.946882031,47,5.806657326,<6
3.387821809,0.693494381,4.935415347,0.761246587,3.431635983,1.934497812,42,5.611605346,<6
0.082939145,3.587061699,7.849489424,1.755948641,0.348205741,1.185392723,30,6.646985191,6-8
2.560465291,0.320934983,5.054508216,1.73611338,0.874407186,2.13962065,45,6.327418942,6-8
1.132478876,2.098045558,2.078428649,1.6118508,4.278686295,0.597645825,18,6.004440599,6-8
3.225863952,1.641587308,5.072045625,1.580060873,1.135897785,2.670645008,34,6.234141746,6-8
0.871832145,3.929514468,4.319883038,0.609358278,4.185205626,0.862228789,30,5.020054452,<6
3.454688691,0.448155609,6.238763161,0.161838566,1.396380442,1.103357963,21,4.631800975,<6
1.933676732,1.591422396,0.855845111,0.805960358,3.21440955,0.174275856,24,6.476081963,6-8
4.683649944,3.877881733,6.08822322,0.34704903,3.470752868,0.334536637,34,3.811285497,<6
0.687604721,3.462028504,4.330132629,1.389902178,2.563273766,1.547585708,26,6.339193828,6-8
1.705331755,3.268288284,7.703936031,0.692199453,1.526553383,0.80277803,21,4.888497679,<6
0.567367606,1.031611308,2.734977328,1.951220402,1.063221882,2.506440677,36,7.570525536,6-8
4.623468091,0.68355035,5.060975145,1.281944155,0.165946773,0.044080166,18,4.860751724,<6
4.386696767,2.67457288,7.456224844,1.644961127,1.519732006,1.137282146,27,4.133619679,<6
1.289708139,3.717503957,0.820077824,0.265049345,3.265813953,1.01203664,21,4.564032549,<6
3.29992023,2.227051572,7.497827898,1.724028965,4.691524092,0.057982893,26,4.082111384,<6
4.086111001,2.286450758,5.503085778,1.845514381,4.356022411,0.373105197,30,4.409105157,<6
2.776004058,1.119916375,0.542696473,0.974123838,3.830323883,1.240928025,31,5.501181485,<6
2.648252892,3.077971733,2.407708536,1.212505876,3.942236716,1.478593753,27,5.433630077,<6
1.209261455,0.748174994,5.665376709,1.529619602,3.324924517,1.212869242,49,6.061999251,6-8
0.465513839,1.294716946,0.538804812,0.349677255,1.301434288,1.592813035,49,8.123564631,>8
4.48607879,1.701745754,4.657363681,1.005132153,4.535975154,1.785395025,23,4.949416136,<6
4.502090286,2.030441515,2.767064456,0.797326056,3.35366156,0.029771463,33,4.257338388,<6
3.165507286,0.96963893,4.967324142,0.292747984,2.802203155,1.392285478,23,4.865075074,<6
1.695148955,0.459347299,0.365936271,0.735068845,0.554947346,2.890497723,34,7.069486215,6-8
1.746047873,2.44248017,6.972294449,0.136344619,2.235277719,1.55709684,27,4.591318998,<6
3.629778394,1.154522213,7.787911753,0.051623814,2.301791356,2.032626802,35,4.163992289,<6
4.4855513,2.324952886,7.751022842,0.270332578,4.322818048,0.935591574,44,3.0,<6
4.435432121,0.617450861,5.997214654,1.926230223,2.733241101,2.321974134,39,4.13684304,<6
3.899377729,1.924560407,1.040689921,1.099059072,1.902002745,2.318764446,35,5.715678088,<6
3.210158231,2.13035773,6.066105567,1.931644322,4.884001643,1.563888143,20,4.948450377,<6
0.420699825,0.207294147,0.196695332,0.864995757,0.553602967,2.92804147,37,7.490103327,6-8
0.80814357,1.346417113,0.176988412,0.623632266,2.112742142,0.376650644,44,7.58009858,6-8
4.492770943,0.537658708,2.588881753,1.012283726,0.210123376,0.050842995,38,5.041424481,<6
3.032145298,0.253499882,3.909145523,0.879023377,3.699520604,2.310474635,48,5.646385853,<6
0.045985258,3.95984093,6.163259342,0.211329369,4.590382761,2.421466612,42,5.570935764,<6
0.507357714,1.28941538,5.466363013,1.281652629,1.400186648,0.360621687,45,6.493894768,6-8
3.317508846,3.239497783,3.567221651,0.432076365,4.291708384,0.796748499,32,4.583774439,<6
0.025307919,1.018562619,2.18901333,1.23917591,1.461091152,0.05265709,32,7.211403424,6-8
0.804040257,2.726010889,7.976996001,1.300402185,4.553850808,0.879925832,21,5.021279687,<6
2.743668947,3.04091144,3.409450418,0.304049706,3.769809518,2.319425622,46,4.645306256,<6
3.459475988,2.382554962,3.611096195,0.122699254,4.024533884,1.553881583,44,4.094343493,<6
3.259806298,1.886304754,1.30899057,1.561523172,0.090032778,1.04428678,26,5.913473903,<6
1.121346547,1.647363657,6.35847639,0.919600848,4.814051785,1.115217885,44,4.693588278,<6
3.560896107,1.395473066,5.549457806,0.116327591,3.63335496,0.004060877,43,4.117004373,<6
1.186245437,3.718116577,1.766156902,1.989732634,1.523755477,0.899401583,36,6.240317424,6-8
1.626998491,3.322477631,0.659048365,0.115561122,4.146973324,1.939376225,41,5.54982892,<6
3.732457026,3.860107643,5.443994417,1.390070458,1.407605992,2.922583331,45,4.042452126,<6
3.248164495,0.497188894,5.236089714,1.967357851,4.363769198,2.541182481,34,5.302491477,<6
4.246117052,2.923469901,2.186076216,0.478360208,0.562901952,0.070784894,28,4.889623887,<6
3.288064462,3.753361827,7.606908498,0.284498737,3.518429887,2.695681814,42,3.879342691,<6
2.841543017,0.724932265,1.208463134,0.242769879,2.703492383,2.34959524,26,5.597655297,<6
0.468373839,0.265985069,3.458678408,0.606550295,0.482672351,2.341128371,27,6.526379304,6-8
1.838579015,2.964482597,7.548927361,0.202091622,1.209469141,1.373987277,35,4.100238607,<6
1.326011838,2.297892453,3.357818535,1.384322683,0.062020181,1.194015879,37,6.141555964,6-8
1.219948217,3.367315107,5.108207581,0.124583596,2.343839827,0.908747186,30,4.98522028,<6
4.865052774,0.559089507,3.180755184,1.018844256,1.506326304,0.197084577,25,4.533618338,<6
1.965488623,3.181069247,2.193721619,1.993393708,2.991787421,0.68470609,24,5.274971628,<6
4.460232776,0.80650928,7.871821184,1.627940539,1.486189039,0.739810905,34,4.065269435,<6
3.15569313,0.654623771,3.274672051,1.230438876,1.499595558,1.452231209,38,5.880717311,<6
3.974056518,0.657063192,7.152793629,0.612507242,3.715965994,2.24233322,40,4.494964364,<6
2.513185466,3.258298881,1.839636847,1.247791673,0.24071418,1.421429485,32,5.469544791,<6
2.884519423,2.660788883,1.704837632,1.054082928,4.514474976,0.173533348,49,5.076814567,<6
2.462588469,2.092261699,0.249072663,0.852166768,4.261319372,2.873369403,37,5.457381662,<6
0.976214939,1.435321936,5.213334603,0.261420753,3.339023416,2.828172957,32,5.767433328,<6
3.612260576,3.508802163,2.94821075,1.77320843,2.966107851,2.355568629,49,4.36272434,<6
1.403861812,1.56978043,6.914865999,0.899569298,4.461512491,2.973983705,48,5.554445212,<6
0.121579832,3.266397758,3.785679254,0.389245024,0.926650898,1.633446998,18,5.333330077,<6
3.22736148,1.756539634,7.745547423,0.735518702,0.394845811,2.888305051,42,4.311604078,<6
0.885553397,1.507777718,1.484204126,0.828259505,1.19755085,0.226815122,31,7.087325597,6-8
4.702292922,1.850719143,6.948985344,1.655075791,3.972891394,1.097042245,22,3.894991584,<6
4.769642885,1.205511497,6.212774822,1.467228761,0.173351334,0.676143804,28,5.780320471,<6
4.574321951,2.990437521,6.167374757,1.538609787,2.914034175,0.587499252,33,3.927312348,<6
1.850793501,2.01088156,6.758265825,0.022062529,4.977187581,0.422408847,19,4.126558318,<6
0.077283083,0.928850781,6.088191928,0.832307996,4.278480469,1.867240925,25,6.239177067,6-8
4.641592813,3.598298293,5.009762573,0.962688303,2.607228445,2.343965567,28,3.0,<6
2.140920742,1.535564885,1.049959021,0.038384554,0.318204546,1.734895198,46,6.198273396,6-8
4.833274095,2.174211444,0.260209436,0.519626417,4.156867572,0.440888129,35,4.202730771,<6
4.818099885,3.625888444,7.366782783,1.520579646,2.994892541,2.43337131,20,3.644206745,<6
4.265047277,2.496951984,4.933202516,0.274219411,0.574664985,1.907864121,47,3.881779451,<6
1.47224446,0.467592163,6.372298328,1.070620263,0.469286424,1.164497118,43,6.065014934,6-8
1.925488643,3.759328494,3.852178812,0.430403744,4.548134097,2.022390887,18,4.495550161,<6
4.255683358,2.510832212,0.938465512,0.024241549,3.346001315,0.779714938,28,5.473313564,<6
1.584610026,1.339622459,1.001486338,0.482402915,4.146433997,1.035576625,33,6.174967074,6-8
0.847463733,0.557088291,5.484522298,1.95174751,4.394894501,2.752457529,35,7.374550511,6-8
2.784006312,3.176100757,3.442447159,1.603074224,2.85886176,0.871513517,47,5.568789157,<6
4.680773871,2.480291024,1.604197814,1.919153289,2.587231759,1.409964804,33,5.152742369,<6
3.480148983,2.133844368,3.932756374,0.975708088,2.152137052,2.670423412,40,5.095086218,<6
2.85030585,3.575570332,0.513671497,0.219472397,1.584732939,2.123164051,27,5.50370875,<6
0.485882469,3.154388845,4.655771215,1.095918978,2.172979804,0.186609678,35,5.027229292,<6
3.075036133,0.606699519,2.151947235,0.908754669,3.869398279,0.441909133,23,5.596327506,<6
4.950269251,1.246888271,6.380472805,1.688714165,3.009617155,0.023524772,48,4.502935852,<6
0.700420076,0.993956559,2.482895671,0.196165162,4.46261645,1.892765371,36,6.443163172,6-8
2.591648262,2.97578517,3.641761193,0.976482274,2.216900072,1.343020276,21,4.451747831,<6
4.38686536,0.134129739,0.092964319,0.300097329,3.035447894,0.402824553,44,5.508017719,<6
3.703843089,2.279558739,0.579575102,0.649351854,3.156537765,2.873802363,48,6.079500351,6-8
3.485078705,3.049834743,3.139948451,1.474714155,2.958485812,1.588979172,30,5.484532057,<6
3.51242042,3.507062547,3.839510678,0.952036259,3.513168865,0.725679882,41,4.327060877,<6
1.797455756,1.368326995,4.800164385,0.75177657,1.187167342,1.501810713,31,6.313282022,6-8
1.467959221,3.285029219,2.33330063,0.788952557,2.561818888,2.038860998,20,5.611101866,<6
4.046805777,0.442526948,5.559855089,0.918893537,0.521124014,0.228717654,27,4.103487875,<6
4.050566973,3.385809167,6.880979178,1.570033088,1.922556638,0.824111445,23,3.399299196,<6
4.335361593,0.509954649,6.238807911,1.784169378,2.438335343,2.420896473,18,5.50443289,<6
4.566202763,1.589149162,0.316950603,1.910669373,3.261121298,1.378994611,40,5.286855891,<6
2.556711994,3.189181463,3.844055578,1.573806773,4.752655263,1.639731426,41,4.871262964,<6
2.507581473,0.599669709,0.839441427,0.630813791,3.003255333,1.298448007,44,6.137419571,6-8
3.991475895,0.917005581,1.936360127,1.376269412,3.717969581,0.131699828,31,6.335040513,6-8
3.249819654,2.889010274,7.893300746,0.875206248,2.531330297,0.497249339,25,4.752135244,<6
3.509834386,2.880146146,1.139964343,0.509341244,3.170520157,1.336624916,36,6.098186569,6-8
3.978963347,2.564590532,3.991105228,1.681743159,0.354661081,0.627556396,31,4.832454356,<6
4.450026709,2.775793778,4.945245875,0.076852698,1.271957904,0.149937086,27,3.996871601,<6
1.689975784,2.170897773,5.619719764,1.803523984,1.809265466,2.530948992,34,4.981608197,<6
1.877914763,1.007196236,4.477189468,0.922954929,2.362466775,2.943577587,26,6.642552868,6-8
0.469909699,1.382783974,0.078166779,1.274402954,0.228243728,2.379428622,46,7.11018334,6-8
2.891400705,0.726390867,2.611690466,1.318707844,0.700120488,2.561354765,23,6.248032381,6-8
0.179711369,3.633802245,4.141693147,1.790235481,1.384071539,0.725931391,28,5.841677239,<6
2.327990091,2.333567179,0.702931993,1.273339364,4.857663455,2.881880927,42,5.597150453,<6
2.713223174,1.603405667,2.80501545,1.22786717,1.656735036,0.590777113,24,5.385419055,<6
1.432706261,1.848023215,0.26562487,0.133304081,2.410205291,2.854289431,34,6.171147996,6-8
2.954166303,3.789133358,0.628627977,1.036816044,0.980488564,2.984457882,45,5.203885851,<6
0.15250125,0.613405612,3.17538621,0.300338002,3.053900355,2.135168417,45,6.615227417,6-8
0.186740944,2.344919328,1.061726032,1.474867537,1.403416078,2.943431195,18,7.709594133,6-8
4.113002803,2.023554716,4.540326786,1.024443842,1.034962892,1.708619339,39,4.079772293,<6
1.800953207,2.445816942,5.515719753,1.360455558,2.582863142,0.77862535,22,5.52275543,<6
0.635302563,0.072440735,6.404693593,0.083345801,0.027528996,1.310987657,26,7.010908196,6-8
2.6112163,3.488495636,1.601201954,0.169584032,0.038320163,1.780682806,35,5.118047779,<6
3.849967765,3.72847313,1.339860658,1.432646776,1.095344046,0.219244686,41,4.64980223,<6
1.079105137,2.260532734,0.836542723,0.144168672,0.183606813,1.867029794,44,6.524606674,6-8
3.114452379,2.786603296,5.091441996,0.142513456,0.540128771,2.94353351,38,5.167108186,<6
0.426737325,3.689997525,5.651805812,0.02421695,1.694303247,0.570322949,19,5.484159494,<6
0.258408606,2.828954537,0.252689159,1.913002797,4.012928398,2.377785349,46,6.878572356,6-8
2.656773158,0.610156172,7.48969797,1.475016719,2.860243217,2.723696381,43,5.389045995,<6
2.703175608,2.305153441,0.415770269,0.706502817,2.56333863,2.831104778,28,5.278183017,<6
3.187149507,2.426860186,4.330370682,0.593071163,1.467444116,2.880406813,44,5.184149747,<6
3.630456669,1.696522685,5.672484156,0.699406459,4.658768597,1.564378916,45,4.489566761,<6
4.879260397,2.945776942,6.96775299,1.549307062,1.985075206,2.931923724,23,3.395466483,<6
2.581501742,3.737468059,5.712695457,1.322741222,0.435463834,2.271930621,43,4.379452704,<6
1.614782365,3.702274052,6.413824665,0.370391136,3.085332581,0.485014309,25,4.158405291,<6
3.975930974,1.803357486,2.71560154,0.348218671,0.569191967,1.430700319,21,5.242862032,<6
1.354161256,0.452952183,6.51860091,0.196791299,1.726115714,2.154993526,35,6.384229605,6-8
2.194857104,3.939364796,0.640918771,1.320605439,2.537059694,0.742020947,45,5.416400044,<6
0.392281907,3.355592346,7.158533248,1.528745324,4.371112623,1.921845551,28,5.61618038,<6
0.126753717,0.498650725,4.380739009,0.530092857,2.467732902,1.999801437,22,5.77962118,<6
4.813242073,3.68336753,6.53838216,0.041889922,3.51129383,0.488099231,32,3.0,<6
4.179900603,3.479585448,3.618546276,0.164343335,4.964084195,1.695255937,45,3.679829924,<6
3.47987103,2.075352229,5.148621562,1.93572007,0.657445599,2.314880733,35,4.667864256,<6
2.044764722,2.365101743,4.211221287,0.590889555,1.373657628,1.496686994,19,4.997490775,<6
0.8664716,1.596010815,5.852716174,1.538446296,1.972880378,0.03630935,48,5.847773793,<6
0.782185213,0.219046555,0.653039856,1.249327138,2.109140893,0.027115407,39,7.722565872,6-8
1.251214491,1.340788967,0.482816672,0.763879279,2.055105376,1.071088032,49,6.805581467,6-8
2.746133324,3.211413794,1.976825872,0.411374524,4.538055013,2.778582205,28,3.818635265,<6
3.572979614,0.018528092,1.276357441,0.242772836,3.570163222,0.686030339,43,4.60814573,<6
3.300986884,1.333996687,6.974268533,1.230025936,3.03952607,1.903091067,42,4.31607643,<6
1.399669485,1.592674774,1.753711899,1.549267561,1.546863589,0.666227612,30,7.010557648,6-8
4.774326403,2.149582412,7.806922047,1.287808507,4.118951921,0.965009969,21,3.0,<6
3.689484583,3.679422466,2.695166334,1.060604266,4.775302557,2.544126269,39,4.103183638,<6
2.771770263,1.385383977,1.456943326,0.083902447,4.105991413,2.186584327,49,5.258558675,<6
3.058603731,1.387812808,6.317588057,1.936977555,0.007825526,0.286197832,24,6.065316284,6-8
2.098000312,2.950004992,5.269662204,1.597428383,3.182006851,1.286106063,46,4.980582829,<6
1.238654948,1.808871764,3.985565732,0.585644073,0.255676907,0.087509291,28,6.382517875,6-8
1.779863393,0.898419292,4.442908408,1.959940659,1.288036102,1.44267044,39,6.481767992,6-8
3.789230552,1.809758065,5.753614226,1.203763179,0.297623502,1.987302035,41,3.677817823,<6
0.071967443,0.563428082,1.827637931,1.164845316,3.018977265,0.355507871,21,7.861119745,6-8
0.580363203,0.705547946,7.970671328,1.496146359,3.432949567,0.866654817,45,6.117266953,6-8
0.23001321,1.993471091,7.798345297,1.623539576,0.57243819,1.193509877,32,6.411235382,6-8
0.203644012,1.675701798,5.202605491,1.312957215,1.919194415,2.758593074,18,8.520032933,>8
4.27730292,3.659383604,1.596339607,0.256191493,2.281182545,2.979765046,40,3.250948261,<6
3.518289297,1.449575596,5.441825939,0.676535012,1.845265109,0.134733897,20,5.598399802,<6
2.370869145,2.322353401,0.577587272,1.856167281,0.605125002,2.28302377,31,6.354955877,6-8
0.489170803,2.529057152,0.245220018,0.449231224,2.094738951,1.115172199,23,7.016613374,6-8
2.458079376,0.052377826,2.061463108,0.744334048,3.755890239,1.177374559,35,6.16790941,6-8
2.367358854,2.654149488,3.700983654,0.864153766,0.355038323,2.26279492,42,5.291503127,<6
0.86600935,0.712143867,6.946180043,0.878809979,0.40090007,2.755279296,18,5.902752679,<6
2.169258246,3.84428127,5.817352558,1.225879165,1.773856459,2.852785784,23,4.953748456,<6
1.992523672,0.594650911,5.94165217,1.886151675,4.708628558,1.731367758,23,4.973408255,<6
3.07925049,1.658496495,3.403946676,0.481385424,3.342863234,1.071363478,38,5.467455359,<6
3.175468254,0.341398672,2.76747994,0.243002753,3.393349783,2.362647258,33,5.281818928,<6
0.226520049,3.987497007,2.968310104,0.39494098,1.809599954,0.75300415,46,5.469316482,<6
1.873063073,2.008780041,7.90119651,1.7738498,2.968303956,1.692222087,22,4.890913265,<6
3.129299579,2.381540069,0.320873531,1.291621625,0.05065592,1.075735385,34,6.667708988,6-8
2.515681293,0.26830591,6.936251969,0.571813578,3.180480232,1.969893221,27,4.860245694,<6
4.282449206,2.999841882,4.629403269,1.631893878,4.566434738,0.721196739,45,4.245093678,<6
3.293468158,0.839622372,3.508923354,1.722739993,3.062867342,0.574778837,38,5.244651664,<6
0.814672135,3.592217158,5.802061283,1.693028677,4.368492967,2.75471726,35,5.80460676,<6
0.352843737,0.820558562,3.893351531,1.837853067,3.619865277,0.305411049,24,7.330863518,6-8
3.212096391,0.762750883,6.987385905,0.50448204,0.602792082,1.517873723,20,5.783019179,<6
0.132556553,0.146198671,7.205614912,1.510083857,4.512266536,0.662558349,30,6.362755671,6-8
2.928877906,1.88826778,3.373767415,0.921078995,0.332219222,0.11678989,32,5.871756408,<6
4.701151207,2.259364533,2.214622378,1.683997106,2.669837363,0.108056455,37,4.815939726,<6
2.877370889,0.262834558,4.738802629,1.456981354,0.710685619,0.525665316,36,6.548665398,6-8
1.940849631,3.102110467,7.298906765,1.552894893,0.058533054,2.600311064,20,4.73975966,<6
3.216441092,1.813155339,1.685297512,1.312323675,2.110171301,0.847436232,21,6.065955979,6-8
2.291264452,2.097561077,4.983732669,0.354857539,1.475203538,2.851377512,22,5.089941177,<6
2.728083947,1.763050988,5.052481761,1.090053838,2.430002469,1.744866879,18,5.148468194,<6
4.707324044,1.603052244,5.864904179,1.969339479,2.885999434,1.309842569,21,4.340519612,<6
1.930513189,2.238561325,1.052541481,1.874776133,0.218695362,1.740266504,29,6.819350214,6-8
4.805952819,0.620960984,5.726599717,0.086347472,0.615016476,1.550095156,45,4.171703424,<6
4.52675321,0.727712522,7.272260165,0.329629631,2.793211982,2.276328761,44,3.990781888,<6
0.978955674,3.447142484,1.437464871,0.263457547,1.715836766,0.847488198,41,6.88539906,6-8
0.346806504,3.784461849,1.900346599,1.45195982,3.645867438,1.059151175,27,6.874914918,6-8
0.503890007,1.493237265,7.771160752,1.63557066,3.261458243,2.682282908,40,6.344954336,6-8
0.091109128,1.082978693,1.447815622,0.427022733,4.228021815,2.839369539,42,6.817523579,6-8
0.472214804,2.575998173,6.835080747,1.011705386,3.462464133,2.677674682,38,5.136721785,<6
3.415033867,1.634936684,3.938222852,1.681406056,2.149655387,1.258343982,46,5.781464048,<6
0.355943242,0.101545423,1.977848595,1.46560309,3.364833112,2.341096509,48,7.937216045,6-8
1.594878151,0.624610389,6.96599921,1.084474411,1.376905871,1.4290072,43,6.545965039,6-8
4.224376555,2.863888915,3.56244204,1.180695381,1.531567494,1.492619556,37,4.215218192,<6
0.116359679,2.635695768,4.118538831,1.016721094,3.9449258,0.614040327,41,6.123153085,6-8
4.072342413,0.10838397,2.873866955,0.595096903,2.232097582,1.77339091,42,4.492117443,<6
1.409273874,0.887888648,4.743606811,1.130043986,3.991901703,0.558407693,30,5.823862579,<6
0.590824138,0.924299186,1.308190981,1.377770604,4.112111868,0.994694097,40,7.666065229,6-8
3.483685827,2.687570974,3.128652293,1.746645832,4.287811688,2.565090605,31,4.688120227,<6
3.144714234,0.078842151,7.755298579,1.272582708,4.583176179,0.621227428,49,5.096627614,<6
4.387360068,0.416434328,2.065067462,1.522243074,2.154926103,0.213474856,40,5.414304934,<6
3.675355219,3.199664341,5.253893316,0.32014327,1.594334092,0.207022778,49,4.250282511,<6
4.017404652,0.714178648,2.601520514,0.923114949,2.910993733,2.822353562,22,4.668729393,<6
1.410172863,2.610984431,6.187785005,0.01866324,1.855862117,1.520761314,21,5.136678723,<6
0.887197719,0.952731124,1.046989286,0.493357729,3.005370834,1.228236215,31,5.413086196,<6
3.753073758,0.397765571,7.758568361,1.45292343,3.527929313,2.432635743,27,4.442055796,<6
4.034173696,0.972688764,3.630316331,1.983619903,3.442025092,2.507477784,34,4.400690096,<6
4.95252571,2.889067727,1.888403707,0.198356199,1.872764435,0.996573099,27,4.75456376,<6
2.063088385,3.422785872,0.587973979,0.802988632,0.834301008,2.080854172,43,6.370195415,6-8
1.860090429,3.320879458,1.358063241,1.600141937,2.152646692,2.313368448,24,6.300191703,6-8
3.882064804,1.588734118,4.158191588,0.408071269,0.71297072,1.963952061,33,5.562336467,<6
1.704017701,2.672340546,2.696025411,1.110169899,4.450485176,0.454785224,18,5.220628095,<6
4.653786628,0.819937182,6.631066927,1.466142592,1.729387304,2.627649251,34,5.241497792,<6
4.292063759,1.172590921,3.447100189,1.231970901,0.772298736,1.617283658,38,5.571227985,<6
2.144970137,3.585343274,1.989714181,0.376049469,0.1272388,0.847417279,46,5.43578243,<6
3.754355339,0.052007694,4.937159893,0.710769137,3.229111931,1.275684556,26,5.577917665,<6
3.77271437,0.342034123,5.654217735,1.567583569,3.184511587,0.112713271,23,4.478866187,<6
0.515619344,0.831545021,1.336335263,1.108453028,1.703020833,0.383600404,36,6.975436514,6-8
4.512764533,0.106128815,1.34095373,0.010459227,0.358559444,2.296640252,30,5.106575305,<6
2.526261862,0.72574174,0.293371415,1.52198152,2.048144474,3.49e-05,20,6.447763418,6-8
4.132287331,2.332166244,5.891216121,0.07062271,1.556087475,1.249697485,24,3.393262482,<6
1.600248005,1.685698202,5.310436221,1.491467565,3.385603199,1.567530543,39,6.352500776,6-8
4.477616142,3.570686844,3.797047006,0.40496112,3.028896247,0.16390326,26,3.619747985,<6
1.946008394,3.269774247,6.753363592,1.91614696,1.822968641,2.919234489,39,5.264190519,<6
0.054188257,1.367269407,6.445361224,0.735881503,1.089462771,0.678375994,22,6.100295295,6-8
4.526909882,1.037693734,4.682834915,0.653863233,4.940179831,0.912596159,27,3.280509292,<6
0.456433384,1.518769633,6.946170244,0.297776101,2.270008106,0.911827537,40,5.924279068,<6
1.596568188,2.36117977,1.64672968,0.611208431,3.441371179,0.691249986,34,5.047113963,<6
4.750309835,1.072254563,0.895356955,1.753301524,0.702764838,0.004421466,29,5.545494273,<6
4.753035735,2.496595631,2.157996892,1.992668675,2.427948498,2.188034382,40,4.113752298,<6
2.867189441,1.637646609,0.456694849,0.736619061,0.137683599,2.900536499,33,7.184627685,6-8
3.159186061,2.208188723,4.249356224,0.897221262,2.52727559,0.67288045,20,5.380199288,<6
2.24222761,1.744506117,7.492845538,1.444141876,4.820087036,1.989141575,47,4.861076007,<6
1.466053858,1.177863038,0.314748325,1.772391561,1.921033565,2.225688981,42,7.822131945,6-8
1.643322727,3.793813228,0.976879312,1.186088668,0.194980063,2.545276137,48,5.757989411,<6
3.36259228,3.054423177,3.617592226,0.783051396,0.154778955,1.267887591,39,5.170035674,<6
3.761872647,0.560452703,7.47100014,0.825243682,1.9399338,0.908792717,26,4.610212779,<6
3.957895219,3.473871904,2.52924884,1.391236293,0.800124682,0.975885402,46,4.942409512,<6
3.948090714,1.949724793,4.05787847,0.006436527,0.116760482,2.137863999,32,5.255893171,<6
0.456030515,3.578208908,0.332582872,1.239178675,3.78106807,2.4503384,22,6.991898343,6-8
2.472101524,3.199421024,1.186745608,0.710986021,2.292615044,0.544841903,40,5.695169943,<6
0.2877938,1.700854018,7.893040984,1.588394663,1.44622386,1.112823024,30,5.271690993,<6
2.747644412,0.089877233,7.720949571,0.18598128,4.500415915,2.70582059,49,4.180754355,<6
2.207652507,1.074709438,0.039519847,1.176404534,0.580694801,2.420080559,31,6.799354359,6-8
4.438520914,2.166536859,7.614494283,0.96194578,4.779594145,2.954575208,37,3.465190135,<6
1.754575063,2.533912879,5.112959503,1.284651052,1.569833587,2.262744779,32,5.003256799,<6
0.585335082,1.031550742,6.943346356,0.129707189,4.442018362,1.179585603,33,6.809746624,6-8
0.71495841,0.557424296,3.637918845,1.159967575,3.014714382,1.771913502,40,7.552425599,6-8
3.807553159,3.339720947,4.124768229,1.122969176,4.133536799,1.983042763,30,4.493949724,<6
3.091090317,3.937608723,3.910772642,1.121320189,4.920065816,0.235367449,34,4.371425602,<6
0.505613381,2.102760729,5.33491406,1.206975333,1.442027189,1.633490877,40,6.161167675,6-8
0.420534031,0.686717143,1.117210038,1.352935874,4.805677427,2.127962485,25,6.809629624,6-8
3.504845657,1.089229306,0.239788719,1.609977999,1.947409475,0.501963912,38,6.199843347,6-8
0.363815032,0.073562706,2.463439533,0.53964144,1.927559524,2.341895152,19,7.401348515,6-8
4.109300296,3.657195226,5.637446102,1.65009882,1.701935521,1.751318342,22,3.42465787,<6
3.531211136,0.471004332,1.614827617,0.996511365,2.707038037,2.856665357,23,5.965465424,<6
0.406743903,2.306065902,5.387459467,0.154116558,0.770725216,0.127266895,29,5.918849306,<6
0.42418857,1.096220883,7.759296369,0.117101858,2.768557427,0.795978413,35,4.711551212,<6
4.933197893,2.21671201,0.751205726,0.668476637,2.708524062,1.804661638,47,4.217644385,<6
1.871353979,2.605681553,5.380816946,1.569793954,3.809509063,0.889679737,39,5.089639669,<6
1.853210735,3.318967215,3.550001754,1.415361869,4.16824981,2.143272492,39,6.319331526,6-8
4.063997836,0.825685087,6.945138035,1.577229929,2.202206752,2.277015848,18,4.862492815,<6
4.736242887,0.043983315,1.417198316,1.034538113,1.511666247,0.307547892,47,4.826697924,<6
4.930005319,0.54754252,5.541007618,0.880397996,1.296674487,1.541563393,34,4.640003156,<6
3.766890926,3.600074567,6.704922317,0.294905053,0.973119184,1.526671667,47,3.0,<6
1.881297928,3.49556031,7.556913756,0.656385507,0.288237911,1.107842311,28,5.20873758,<6
0.417503583,2.389652409,5.465984226,0.868038732,1.712239894,2.798774588,49,5.834780945,<6
3.88573458,2.402067442,3.977398112,0.177200859,1.351238461,2.48251896,27,4.412251173,<6
2.792021249,2.660146698,4.942777922,0.441223905,4.832086929,2.091628146,36,5.129446584,<6
2.121110046,0.701485114,6.951239876,1.196450588,2.788544131,2.142979907,31,4.775250446,<6
4.531771925,3.657647784,4.564877973,1.471326228,1.736385195,1.385148431,43,3.293044364,<6
0.555987412,1.6750821,0.243096478,1.996695023,2.902338005,2.762983563,27,7.187837412,6-8
2.463125521,1.532554113,7.447589564,1.866226663,0.695983507,2.083786282,32,5.828612166,<6
0.056768224,2.075670821,5.516214008,1.285130399,2.220218746,2.186943185,45,5.649516047,<6
2.34330321,0.187863867,5.412107086,0.842496107,3.131171607,2.585072711,36,4.21312169,<6
0.281516378,0.665133475,1.725401219,1.272354729,2.444489159,0.822214768,21,7.226299598,6-8
0.594089581,2.952134466,5.271083762,1.571303236,2.008894003,2.421212712,19,6.309470088,6-8
0.587631234,0.331194672,3.150915245,0.236672382,4.969241944,0.585721809,26,7.150851327,6-8
3.246051511,2.412608438,5.209863816,0.819809779,4.401573811,1.036025857,27,4.185423822,<6
3.730224396,0.981396439,0.852744242,1.679604571,3.117029791,1.006831363,45,5.65638511,<6
2.916843825,1.557182456,5.262762437,0.767665904,2.846886806,2.935576405,28,5.544432321,<6
4.810862742,1.154774947,7.995309806,1.143744542,3.103302399,2.569611671,31,3.0,<6
1.874352898,1.422690866,0.385696311,1.175538722,1.006560539,2.103509585,24,6.616622204,6-8
1.428560431,2.876183621,7.817393474,0.368952506,1.975688716,2.181170285,40,4.867714829,<6
4.342995641,1.188486862,3.255263686,0.724470883,0.197297664,1.686218383,32,5.243124243,<6
1.117979193,2.265618561,6.966027603,0.669022577,2.377730187,2.841272001,39,5.076149723,<6
4.816112697,1.904201609,6.259083872,0.052393417,2.71512292,1.488776259,48,3.530292633,<6
0.060772373,2.654684661,4.536130088,0.048383528,1.138748681,1.14155313,36,4.922458911,<6
4.849394134,3.747318957,5.907593674,1.663394087,4.820144236,0.489106011,39,3.0,<6
0.21579956,2.930288389,7.02812449,0.54614162,4.547273055,2.358616957,32,5.543258342,<6
4.455715568,0.859761514,3.233122573,1.036157532,3.610716177,2.203331796,47,4.326217872,<6
2.638505545,0.12473254,2.616265293,0.597451147,2.666933144,1.153065116,45,6.062108547,6-8
4.964823981,1.049056177,5.340747085,1.88135849,4.349845798,0.075580242,41,4.487580957,<6
0.368982824,2.380311723,6.462767536,0.518593518,0.653261719,2.516991983,25,5.727838847,<6
2.769271422,0.205703254,6.098281078,0.859313625,3.952548971,0.03425395,28,5.281768173,<6
4.846512678,1.985464989,6.382509191,1.745460501,0.62410407,2.111099339,46,3.684463787,<6
2.615489221,2.387371396,3.484666519,1.683867134,3.971053313,2.910771329,26,5.283859836,<6
3.146993191,1.336975563,6.542673729,0.372202836,1.378837841,1.312983984,32,4.995761141,<6
3.478743445,3.083648815,0.961672443,1.60528662,4.385452905,0.704920215,18,5.26472632,<6
2.272705324,0.426393013,4.355912784,0.916373773,4.720210469,2.11461303,47,5.374172328,<6
3.1377904,0.300551127,0.046069284,0.965937744,0.743979847,2.451384426,18,6.659217146,6-8
2.92157156,2.912755025,2.596686639,0.266959945,2.313378025,1.639290948,36,5.352105461,<6
4.505790052,1.981965265,2.931692279,0.161203028,4.904936891,2.901105826,20,3.099073518,<6
0.227231902,2.753609586,3.169381533,1.455878614,2.41703718,0.155006165,27,7.201021766,6-8
1.404815948,1.739309354,5.563737654,0.992922305,4.317737613,1.514386795,25,5.36102725,<6
4.75205742,0.985608133,3.10846481,0.873701405,2.943657611,2.155361842,32,4.887085515,<6
4.451318919,3.276409271,3.589548981,1.459016457,1.87664954,2.587921413,27,4.922171408,<6
2.278283764,3.197663516,1.900353047,1.531025798,1.428917778,0.537766836,18,5.152067567,<6
3.100662989,2.778785883,2.986014333,0.317816335,1.016115455,2.400010445,46,4.657842728,<6
1.386905915,1.088580549,1.818157018,1.220450299,3.808990957,1.658121227,35,6.45730312,6-8
0.940605799,2.360922667,0.58556739,0.270708165,1.932702534,1.189661046,19,6.200372258,6-8
2.318492025,1.443895588,4.827588747,1.502750172,2.556377311,0.395145086,36,6.50472317,6-8
1.76676114,0.366328293,5.345702388,1.313910313,2.4616274,2.595887277,30,5.657204771,<6
2.918280559,3.669254302,4.955922768,1.913229242,2.886395146,0.471819625,39,4.456454744,<6
0.388673185,0.547274524,3.70795235,0.137916033,4.327885728,0.929363578,18,6.610671333,6-8
4.871974038,3.800949415,3.038286241,0.114109442,4.903696718,0.870136596,19,3.0,<6
4.931053722,1.784023092,6.906669197,0.564374149,2.037921043,2.614242103,46,3.385612157,<6
